zipcode,med_list_price,avg_sale,med_list_per_sqft,avg_num_offers,med_sale_price,avg_down_payment,med_sale_per_sqft,num_sold,ele_school_mean,mid_school_mean,high_school_mean
07001,$325K,98.7%,$257,—,$279K,—,$237,13,5.0,3.0,nan
07002,$429K,98.0%,$251,1,$420K,20.0%,$232,58,5.6,6.4,4.75
07003,$349K,102.9%,$223,1,$368K,20.4%,$261,44,7.8,6.6,5.0
07004,$549K,99.5%,$232,—,$572K,—,$250,19,7.333333333333333,7.0,7.0
07005,$517K,97.9%,$225,1,$405K,21.2%,$231,17,7.4,7.0,6.5
07006,$569K,97.9%,$253,1,$490K,20.0%,$262,38,8.0,6.666666666666667,7.0
07007,nan,nan,nan
07008,$350K,98.7%,$211,2,$290K,4.9%,$183,19,4.0,4.0,4.0
07009,$500K,98.3%,$264,4,$499K,20.0%,$297,22,6.333333333333333,7.0,6.333333333333333
07010,$589K,96.0%,$321,1,$482K,48.0%,$299,25,6.0,4.0,3.0
07011,$369K,100.0%,$223,1,$364K,—,$223,23,5.6,3.5,3.0
07012,$375K,99.8%,$263,4,$410K,4.9%,$282,13,5.0,nan,nan
07013,$395K,97.0%,$245,1,$341K,20.8%,$240,46,5.6,4.25,3.0
07014,$350K,95.3%,$248,1,$395K,20.0%,$230,5,6.0,nan,nan
07015,nan,nan,nan
07016,$499K,97.6%,$298,1,$490K,100.0%,$285,23,7.2,6.25,7.0
07017,$270K,104.2%,$116,1,$285K,—,$134,16,5.0,3.8,4.4
07018,$248K,103.5%,$121,1,$263K,—,$144,20,4.2,3.6,5.0
07019,$225K,96.5%,—,—,$279K,—,—,1,5.0,nan,nan
07020,$650K,94.1%,$416,1,$408K,50.0%,$350,22,7.8,8.6,4.6
07021,$1.19M,92.5%,$318,—,$843K,—,$224,5,10.0,nan,nan
07022,$475K,96.4%,$273,1,$595K,5.0%,$221,9,4.5,4.0,nan
07023,$470K,97.4%,$292,1,$445K,—,$322,15,8.333333333333334,7.0,8.0
07024,$499K,96.0%,$332,1,$325K,30.0%,$323,67,7.8,6.5,7.0
07026,$370K,100.7%,$227,1,$364K,31.8%,$203,30,6.4,6.4,2.0
07027,$400K,98.2%,$343,—,$380K,—,$217,5,6.0,6.0,nan
07028,$589K,106.0%,$288,1,$559K,0.0%,$293,15,6.25,6.0,6.333333333333333
07029,$510K,97.7%,$285,1,$387K,20.0%,$184,2,4.0,3.5,3.0
07030,$795K,98.7%,$714,1,$757K,25.0%,$663,81,4.0,nan,2.0
07031,$413K,98.4%,$254,—,$368K,50.5%,$250,16,5.4,5.4,4.0
07032,$389K,98.8%,$218,1,$389K,20.0%,$207,27,5.6,5.6,3.75
07033,$425K,99.3%,$187,1,$350K,15.0%,$221,5,6.0,5.5,4.0
07034,$350K,101.3%,$252,1,$372K,20.7%,$214,7,7.0,nan,7.5
07035,$359K,96.5%,$218,—,$343K,—,$220,19,6.4,6.4,nan
07036,$330K,99.8%,$251,1,$315K,21.1%,$299,52,6.8,6.8,3.6
07039,$765K,98.0%,$299,1,$591K,10.0%,$287,48,8.0,7.666666666666667,7.0
07040,$515K,99.8%,$264,1,$660K,22.2%,$287,39,6.2,5.5,6.0
07041,$744K,101.5%,$407,1,$947K,20.0%,$409,10,8.666666666666666,8.666666666666666,8.666666666666666
07042,$625K,98.1%,$277,1,$447K,21.7%,$290,32,6.6,6.6,6.6
07043,$799K,102.9%,$299,1,$745K,51.9%,$336,19,5.8,5.0,nan
07044,$499K,99.9%,$248,1,$482K,20.4%,$269,30,6.2,6.2,6.2
07045,$648K,98.1%,$242,1,$450K,5.0%,$222,13,7.6,7.6,7.6
07046,$800K,94.7%,$283,—,$999K,—,$263,6,8.0,8.0,8.0
07047,$479K,97.5%,$298,1,$425K,20.0%,$277,56,9.0,7.4,8.6
07050,$240K,103.2%,$123,—,$205K,5.3%,$148,17,4.8,4.0,2.0
07051,$300K,—,$115,—,—,—,—,—,nan,nan,nan
07052,$425K,99.6%,$215,1,$395K,100.0%,$219,73,7.2,6.4,3.5
07054,$449K,98.2%,$241,1,$422K,20.0%,$239,24,8.6,8.6,8.6
07055,$299K,99.3%,$179,1,$257K,—,$190,14,5.0,5.0,5.0
07057,$440K,101.3%,$255,1,$387K,25.0%,$230,6,5.666666666666667,5.666666666666667,5.666666666666667
07058,$599K,96.6%,$239,—,$715K,—,$247,7,8.0,8.0,8.0
07059,$880K,95.3%,$259,1,$819K,—,$235,30,7.6,7.6,7.6
07060,$315K,97.3%,$175,1,$276K,20.0%,$190,31,3.2,3.8,2.5
07061,$749K,102.9%,$159,—,$248K,—,—,1,nan,nan,nan
07062,$290K,99.9%,$200,1,$290K,4.7%,$244,19,3.0,3.0,3.0
07063,$269K,100.9%,$187,2,$300K,21.0%,$202,13,2.5,2.5,2.5
07064,$325K,102.0%,$254,—,$340K,—,$266,7,3.0,3.0,nan
07065,$309K,98.6%,$220,1,$315K,20.0%,$224,34,4.8,3.0,3.0
07066,$508K,97.6%,$268,1,$388K,3.9%,$239,26,6.6,5.75,5.0
07067,$424K,96.4%,$234,1,$375K,8.1%,$228,21,5.0,4.0,4.0
07068,$528K,96.2%,$259,1,$600K,20.0%,$249,9,8.333333333333334,nan,nan
07069,$850K,92.5%,$255,1,$595K,3.5%,$233,10,5.0,4.333333333333333,5.5
07070,$499K,98.1%,$300,1,$458K,10.0%,$261,21,6.2,6.0,6.5
07071,$389K,98.6%,$267,1,$390K,20.1%,$272,33,5.8,5.2,4.5
07072,$452K,99.7%,$287,2,$385K,5.0%,$293,8,5.25,5.25,5.25
07073,$465K,99.8%,$266,1,$460K,8.9%,$313,6,6.2,6.2,6.2
07074,$385K,97.4%,$197,1,$362K,—,$231,3,5.0,5.0,5.0
07075,$462K,93.9%,$275,1,$535K,5.0%,$253,15,6.25,6.25,6.25
07076,$599K,97.3%,$266,3,$475K,10.0%,$242,37,8.4,8.4,8.4
07077,$286K,95.8%,$284,2,$300K,—,$207,2,4.0,4.0,4.0
07078,$1.63M,95.5%,$424,1,$1.29M,20.0%,$405,28,8.6,8.6,8.6
07079,$659K,98.7%,$233,1,$570K,20.0%,$259,17,4.2,4.2,4.2
07080,$360K,99.0%,$226,1,$335K,49.4%,$225,35,6.0,6.0,7.0
07081,$499K,98.7%,$239,—,$449K,—,$269,18,6.8,6.333333333333333,6.0
07082,$839K,99.4%,$239,—,$567K,—,$229,6,7.0,7.0,nan
07083,$368K,100.0%,$206,2,$350K,20.0%,$261,72,6.2,4.2,3.3333333333333335
07086,$975K,94.8%,$586,1,$812K,30.0%,$382,15,5.6,6.333333333333333,5.0
07087,$420K,97.8%,$355,1,$402K,10.0%,$345,34,5.8,5.8,4.5
07088,$230K,95.3%,$309,1,$235K,—,$110,3,5.0,nan,nan
07090,$799K,97.1%,$339,1,$745K,20.0%,$334,41,8.2,7.0,8.0
07091,nan,nan,nan
07092,$634K,100.2%,$288,1,$585K,17.2%,$270,14,7.0,7.0,8.0
07093,$450K,98.4%,$362,1,$365K,20.0%,$333,35,6.2,5.8,4.0
07094,$470K,95.3%,$284,1,$508K,3.2%,$265,16,5.0,5.0,5.5
07095,$285K,96.7%,$216,1,$285K,5.0%,$205,26,5.0,4.5,6.333333333333333
07096,nan,nan,nan
07097,nan,nan,nan
07099,nan,nan,nan
07101,5.2,6.4,5.0
07102,$300K,100.4%,$192,—,$273K,—,$226,1,4.666666666666667,4.25,4.0
07103,$262K,99.5%,$114,1,$260K,3.0%,$115,15,2.8,2.8,2.8
07104,$329K,101.4%,$152,1,$352K,—,$158,13,5.4,5.4,5.4
07105,$305K,107.9%,$212,—,$273K,—,$242,6,5.2,5.2,5.2
07106,$249K,98.2%,$121,1,$255K,20.0%,$154,17,3.8,3.8,3.8
07107,$300K,102.4%,$124,—,$260K,4.5%,$144,8,5.2,5.2,5.2
07108,$275K,97.3%,$88,1,$218K,—,$110,5,2.2,2.2,2.2
07109,$317K,99.5%,$208,4,$318K,25.0%,$211,53,6.0,5.0,2.0
07110,$400K,98.4%,$254,1,$398K,4.9%,$271,48,7.4,5.666666666666667,6.0
07111,$225K,99.3%,$121,1,$182K,—,$120,19,4.6,4.6,2.0
07112,$275K,98.9%,$114,1,$213K,—,$115,12,2.8,2.2,1.0
07114,$330K,88.1%,$159,—,$211K,—,$146,1,4.8,4.8,4.8
07175,5.6,5.6,5.6
07182,5.6,5.6,5.6
07184,4.0,4.0,4.0
07188,5.6,5.6,5.6
07189,6.4,6.4,6.4
07191,2.0,2.0,2.0
07192,5.6,5.6,5.6
07193,5.6,5.6,5.6
07194,2.0,2.0,2.0
07195,5.6,5.6,5.6
07198,5.6,5.4,2.5
07199,5.2,6.4,5.0
07201,$400K,92.2%,$177,1,$165K,—,$131,1,4.6,4.6,2.0
07202,$320K,101.2%,$183,1,$237K,—,$199,10,6.2,6.0,3.2
07203,$282K,100.0%,$195,1,$280K,5.0%,$214,41,4.6,4.6,4.6
07204,$319K,100.4%,$192,—,$324K,—,$213,16,4.4,4.4,4.4
07205,$289K,97.6%,$190,1,$300K,9.7%,$204,25,4.8,4.8,4.8
07206,$349K,106.1%,$151,—,$175K,—,$166,2,4.8,4.8,8.0
07207,$290K,105.6%,$41,—,$190K,—,—,1,nan,nan,nan
07208,$372K,96.5%,$203,3,$298K,—,$196,22,5.2,5.2,5.2
07302,$854K,98.2%,$770,1,$733K,25.0%,$744,54,5.8,4.8,6.0
07303,nan,nan,nan
07304,$375K,99.0%,$318,1,$422K,25.0%,$272,23,5.0,5.0,5.0
07305,$415K,99.0%,$277,1,$370K,26.0%,$267,52,5.4,5.4,5.4
07306,$500K,97.4%,$397,1,$493K,20.0%,$345,34,5.6,5.6,5.6
07307,$699K,97.4%,$477,3,$544K,20.0%,$415,47,4.8,4.75,nan
07308,6.4,6.4,6.4
07309,6.2,6.2,6.2
07310,$835K,98.3%,$787,1,$628K,20.0%,$662,6,4.0,4.0,10.0
07311,nan,nan,nan
07395,5.4,5.4,5.4
07399,5.4,5.4,5.4
07401,$738K,97.7%,$287,—,$760K,—,$296,15,7.0,7.0,7.0
07403,$305K,96.7%,$202,1,$295K,—,$210,9,7.0,7.0,7.0
07405,$547K,96.9%,$208,1,$487K,15.0%,$198,37,6.5,6.5,6.5
07407,$365K,100.0%,$237,1,$360K,10.0%,$217,26,5.4,5.4,5.4
07410,$450K,100.6%,$285,1,$428K,19.1%,$279,62,8.6,8.6,8.6
07416,$199K,98.4%,$136,—,$205K,—,$119,8,6.5,6.5,6.5
07417,$1.32M,94.1%,$284,7,$800K,100.0%,$233,24,7.6,7.6,7.5
07418,$310K,100.0%,$133,—,$235K,—,$162,2,5.333333333333333,4.0,7.0
07419,$272K,96.8%,$144,—,$211K,2.9%,$140,20,6.0,5.666666666666667,4.0
07420,$322K,100.4%,$203,—,$280K,—,$217,8,7.0,7.0,nan
07421,$285K,96.2%,$175,—,$283K,0.0%,$156,18,5.0,nan,nan
07422,$225K,97.1%,$168,—,$174K,3.1%,$152,20,nan,nan,nan
07423,$1.08M,94.1%,$337,—,$645K,—,$307,9,8.0,8.0,8.0
07424,$422K,99.2%,$234,1,$370K,20.0%,$254,27,5.2,5.2,5.2
07428,nan,nan,nan
07430,$550K,97.9%,$270,1,$423K,5.1%,$263,76,7.8,7.8,7.8
07432,$499K,100.1%,$282,1,$398K,20.6%,$300,4,8.333333333333334,6.0,6.0
07435,$455K,99.7%,$226,—,$337K,—,$211,6,7.0,nan,nan
07436,$444K,98.9%,$247,2,$451K,—,$239,40,7.0,7.0,7.0
07438,$330K,100.4%,$164,—,$315K,—,$166,21,6.666666666666667,5.0,6.0
07439,$230K,93.3%,$138,—,$250K,—,$140,5,6.0,6.0,nan
07440,$475K,96.3%,$307,—,$455K,—,$238,4,5.0,nan,nan
07442,$300K,98.0%,$218,—,$325K,—,$214,17,6.5,6.0,6.0
07444,$517K,97.6%,$268,—,$540K,—,$246,15,7.0,8.0,7.0
07446,$521K,98.2%,$277,1,$510K,—,$263,29,9.0,7.0,8.0
07450,$799K,97.7%,$338,1,$716K,—,$329,52,9.0,7.8,8.0
07451,nan,nan,nan
07452,$675K,98.4%,$341,1,$684K,20.3%,$328,23,7.8,9.0,8.0
07456,$390K,98.1%,$191,1,$350K,—,$217,19,6.0,6.0,nan
07457,$345K,99.0%,$251,—,$294K,—,$264,10,7.0,7.0,nan
07458,$1.5M,92.8%,$324,3,$888K,20.5%,$243,15,8.333333333333334,9.0,nan
07460,$262K,96.4%,$165,—,$185K,—,$199,3,6.0,5.5,nan
07461,$260K,98.9%,$136,—,$223K,—,$120,29,5.25,4.0,6.0
07462,$150K,98.0%,$138,—,$128K,—,$136,18,5.333333333333333,4.0,7.0
07463,$477K,99.9%,$287,1,$426K,—,$285,28,6.5,5.0,7.0
07465,$359K,101.7%,$189,—,$335K,—,$189,11,7.5,7.5,6.0
07470,$494K,98.1%,$228,1,$450K,20.0%,$235,88,7.6,6.8,6.5
07474,nan,nan,nan
07477,6.8,7.0,7.0
07480,$289K,96.7%,$156,2,$280K,—,$159,35,5.0,5.5,6.0
07481,$799K,98.4%,$292,—,$723K,—,$295,36,7.6,7.0,nan
07495,$689K,—,—,—,—,—,—,—,nan,nan,nan
07501,$269K,96.2%,$138,—,$227K,—,$116,10,6.4,5.6,2.6
07502,$299K,94.5%,$197,—,$322K,—,$194,8,4.333333333333333,3.0,1.5
07503,$259K,102.1%,$178,—,$315K,—,$158,5,3.6,2.8,nan
07504,$325K,96.2%,$136,—,$240K,—,$123,4,2.25,2.25,1.0
07505,$299K,—,—,—,—,—,—,—,5.0,5.0,3.5
07506,$409K,100.4%,$255,1,$347K,3.5%,$224,13,5.6,3.5,4.0
07507,nan,nan,nan
07508,$399K,99.1%,$201,—,$381K,—,$203,21,5.2,6.4,4.5
07509,nan,nan,nan
07510,3.0,3.0,2.0
07511,5.0,5.0,nan
07512,$435K,98.6%,$241,1,$316K,10.0%,$216,10,4.25,4.333333333333333,nan
07513,$350K,102.4%,$176,—,$342K,—,$143,3,2.25,2.4,1.0
07514,$270K,110.8%,$147,—,$258K,—,$126,4,5.0,3.5,3.0
07522,$250K,92.7%,$133,—,$197K,—,$106,8,6.2,5.8,2.4
07524,$289K,113.8%,$149,—,$280K,—,$141,4,2.5,2.5,nan
07533,5.2,4.6,2.4
07538,6.0,7.0,4.666666666666667
07543,nan,nan,nan
07544,7.0,6.2,3.0
07601,$295K,98.4%,$233,2,$290K,100.0%,$226,46,7.2,5.666666666666667,8.0
07602,nan,nan,nan
07603,$390K,98.7%,$242,1,$390K,—,$228,19,7.5,5.0,5.0
07604,$467K,99.4%,$279,1,$470K,20.0%,$261,21,7.666666666666667,6.0,5.5
07605,$599K,96.9%,$298,1,$521K,10.0%,$312,9,7.5,7.0,8.0
07606,$414K,101.4%,$330,—,$479K,—,$185,3,5.0,6.0,10.0
07607,$449K,98.9%,$249,1,$434K,3.5%,$248,14,6.666666666666667,7.0,nan
07608,7.0,6.0,8.0
07620,$3.3M,87.9%,$540,—,$1.4M,—,$396,3,9.0,9.0,nan
07621,$429K,99.0%,$275,1,$425K,15.4%,$270,43,6.4,5.0,7.0
07624,$799K,95.8%,$319,1,$567K,28.3%,$274,10,8.0,8.666666666666666,7.0
07626,$900K,95.3%,$339,2,$679K,100.0%,$313,16,8.0,8.0,8.0
07627,$1.12M,96.8%,$355,1,$1.16M,20.0%,$357,5,8.75,8.0,7.5
07628,$429K,96.4%,$262,1,$420K,6.9%,$255,34,7.25,7.5,8.0
07630,$517K,97.2%,$246,1,$520K,21.3%,$246,23,6.0,7.5,8.0
07631,$449K,97.9%,$292,1,$363K,20.4%,$250,40,6.0,6.333333333333333,6.0
07632,$1.45M,93.4%,$435,1,$1.02M,—,$347,7,5.4,6.0,6.0
07640,$645K,100.1%,$256,—,$630K,—,$185,5,8.0,8.0,nan
07641,$825K,98.0%,$289,1,$670K,10.0%,$247,7,8.0,8.0,8.0
07642,$572K,96.5%,$281,1,$485K,—,$275,14,7.5,6.0,8.0
07643,$345K,99.8%,$229,1,$381K,20.0%,$258,10,5.0,5.0,nan
07644,$397K,97.9%,$251,3,$370K,3.5%,$223,16,7.0,6.0,5.5
07645,$679K,96.8%,$270,1,$555K,—,$258,19,8.75,8.0,8.0
07646,$469K,99.5%,$259,1,$429K,5.9%,$277,26,6.6,7.0,7.0
07647,$525K,100.3%,$260,1,$483K,20.0%,$282,4,8.0,8.0,nan
07648,$607K,98.6%,$253,1,$546K,21.4%,$272,13,8.0,8.0,nan
07649,$605K,98.1%,$293,3,$593K,20.0%,$295,14,7.0,nan,7.0
07650,$759K,97.7%,$341,1,$770K,20.1%,$344,31,6.666666666666667,5.666666666666667,6.0
07652,$689K,96.8%,$326,1,$600K,19.4%,$314,37,8.0,6.333333333333333,4.333333333333333
07653,nan,nan,nan
07656,$584K,97.1%,$260,—,$560K,—,$304,17,8.5,8.0,7.0
07657,$549K,99.2%,$298,1,$438K,5.0%,$327,13,5.75,5.333333333333333,5.666666666666667
07660,$344K,99.4%,$227,1,$313K,20.0%,$234,8,5.0,6.0,6.0
07661,$527K,98.1%,$301,1,$498K,20.0%,$300,24,8.5,7.0,nan
07662,$399K,98.3%,$259,1,$407K,—,$281,12,6.0,6.0,nan
07663,$439K,97.8%,$269,1,$421K,5.0%,$264,24,5.75,5.0,5.0
07666,$423K,98.0%,$252,1,$419K,20.0%,$251,59,6.0,4.666666666666667,6.75
07670,$1.05M,95.6%,$370,1,$805K,24.3%,$373,26,7.0,6.0,6.0
07675,$679K,96.9%,$274,1,$569K,20.0%,$268,47,8.4,7.8,7.666666666666667
07676,$509K,98.2%,$261,—,$477K,—,$287,19,6.5,6.0,6.0
07677,$760K,97.6%,$254,1,$705K,—,$256,5,8.5,8.0,7.0
07699,7.0,nan,nan
07701,$444K,97.2%,$269,1,$380K,20.0%,$252,42,6.6,7.0,6.0
07702,$595K,98.8%,$262,2,$545K,—,$289,5,7.0,8.0,nan
07703,nan,nan,nan
07704,$999K,97.6%,$407,1,$892K,—,$306,10,8.0,8.0,6.0
07709,3.25,3.0,1.0
07710,$298K,—,—,—,—,—,—,—,nan,nan,nan
07711,$999K,95.0%,$378,—,$1.5M,—,$492,1,4.0,4.0,nan
07712,$462K,97.8%,$252,1,$389K,10.0%,$224,55,4.6,3.5,5.0
07715,5.666666666666667,6.0,nan
07716,$549K,95.7%,$242,1,$307K,—,$231,12,6.333333333333333,5.0,nan
07717,$1.42M,96.3%,$575,—,$650K,—,$543,1,8.0,8.0,nan
07718,$364K,98.9%,$217,1,$334K,20.0%,$236,10,5.0,nan,5.0
07719,$500K,97.9%,$285,1,$483K,0.0%,$283,40,7.6,6.8,7.5
07720,$710K,98.6%,$419,1,$550K,—,$479,9,3.0,3.0,nan
07721,$340K,97.2%,$177,1,$268K,—,$198,5,6.0,7.0,nan
07722,$975K,93.6%,$252,1,$710K,21.2%,$221,19,7.0,8.0,7.5
07723,$1.95M,89.1%,$586,—,$1.02M,—,$353,2,4.0,4.0,nan
07724,$450K,97.4%,$210,2,$339K,2.8%,$219,36,7.0,6.0,5.0
07726,$531K,97.7%,$208,1,$425K,2.2%,$195,81,8.2,7.5,5.5
07727,$509K,98.6%,$195,3,$542K,5.0%,$208,11,5.75,5.333333333333333,7.0
07728,$449K,98.1%,$195,1,$360K,5.0%,$199,95,7.0,7.0,6.2
07730,$350K,96.3%,$222,1,$318K,5.0%,$209,30,6.8,4.0,4.5
07731,$359K,98.3%,$191,1,$345K,7.8%,$195,85,6.8,5.5,4.666666666666667
07732,$399K,97.5%,$267,1,$325K,—,$233,22,4.0,5.0,7.0
07733,$800K,97.7%,$242,1,$719K,9.7%,$248,32,6.666666666666667,7.0,8.0
07734,$250K,97.0%,$173,1,$241K,—,$167,24,4.666666666666667,2.0,4.0
07735,$325K,99.4%,$206,1,$272K,—,$193,30,5.8,4.75,3.0
07737,$470K,98.1%,$267,1,$375K,0.0023%,$204,7,5.0,5.0,nan
07738,$664K,102.1%,$249,1,$593K,20.0%,$257,12,6.0,nan,8.0
07739,$797K,99.4%,$297,1,$600K,—,$300,15,6.0,6.5,6.0
07740,$585K,96.5%,$319,1,$428K,2.0%,$320,34,3.5,4.0,3.0
07746,$600K,98.3%,$211,1,$556K,20.0%,$214,40,7.8,7.5,7.0
07747,$400K,99.2%,$209,1,$340K,5.0%,$209,64,6.6,7.0,6.0
07748,$507K,98.3%,$226,1,$428K,20.0%,$241,48,7.2,4.0,4.333333333333333
07750,$887K,94.5%,$380,—,$755K,—,$375,6,7.0,7.0,nan
07751,$575K,97.8%,$218,1,$445K,10.0%,$208,27,7.8,8.0,7.0
07752,$770K,97.8%,$197,—,$660K,—,$232,1,6.0,nan,5.0
07753,$340K,98.0%,$213,1,$315K,—,$215,46,6.2,4.0,5.5
07754,$437K,97.7%,$238,—,$390K,—,$247,1,nan,nan,nan
07755,$590K,96.6%,$299,1,$490K,—,$253,8,4.0,nan,5.0
07756,$600K,98.0%,$433,—,$480K,—,$376,9,nan,nan,nan
07757,$633K,97.3%,$266,1,$791K,17.0%,$234,10,6.666666666666667,5.0,6.0
07758,$349K,99.8%,$219,8,$300K,—,$220,5,5.666666666666667,4.0,2.0
07760,$1.61M,96.2%,$416,1,$1.11M,19.4%,$428,19,6.666666666666667,7.0,6.0
07762,$674K,96.2%,$451,1,$543K,9.6%,$616,16,7.666666666666667,8.0,nan
07763,nan,nan,nan
07764,$474K,90.7%,$243,2,$342K,20.0%,$207,8,6.0,6.0,6.0
07765,$125K,100.0%,—,—,$125K,—,—,1,8.0,7.0,nan
07777,nan,nan,nan
07799,nan,nan,nan
07801,$332K,99.4%,$185,3,$280K,20.0%,$190,14,5.8,5.5,5.0
07802,nan,nan,nan
07803,$299K,99.8%,$190,2,$360K,2.5%,$202,5,7.0,nan,nan
07806,7.2,6.0,6.0
07820,$600K,—,—,—,—,—,—,—,6.0,6.0,nan
07821,$340K,98.3%,$158,—,$309K,—,$175,16,7.0,6.0,4.5
07822,$700K,98.2%,$167,—,$280K,—,$128,1,6.0,6.0,nan
07823,$230K,97.6%,$135,—,$249K,—,$134,4,5.0,5.0,4.0
07825,$339K,94.6%,$145,—,$240K,—,$126,15,6.25,6.666666666666667,6.0
07826,$289K,96.5%,$168,—,$264K,—,$131,10,6.0,6.0,nan
07827,$220K,94.0%,$119,—,$189K,5.0%,$153,4,7.0,8.0,7.0
07828,$330K,99.7%,$180,1,$276K,—,$187,20,7.333333333333333,8.0,8.0
07829,6.0,6.0,nan
07830,$540K,93.5%,$194,1,$352K,20.0%,$221,4,6.333333333333333,7.666666666666667,8.0
07831,$638K,—,—,—,—,—,—,—,nan,nan,nan
07832,$326K,95.4%,$139,—,$219K,—,$108,2,6.0,6.5,6.0
07833,$249K,102.0%,$184,—,$254K,—,$188,1,5.0,nan,nan
07834,$525K,99.5%,$230,—,$417K,3.6%,$231,36,7.8,6.0,7.0
07836,$455K,96.5%,$177,1,$395K,—,$166,16,6.8,8.0,8.5
07837,$200K,—,$182,—,—,—,—,—,nan,nan,nan
07838,$280K,98.3%,$134,—,$194K,—,$156,5,7.25,6.666666666666667,6.0
07839,$350K,—,$149,—,—,—,—,—,8.0,8.0,nan
07840,$325K,97.1%,$163,1,$265K,—,$155,50,7.2,6.75,6.0
07842,$150K,95.0%,$99,—,$380K,—,$194,1,nan,nan,nan
07843,$261K,98.8%,$187,1,$215K,—,$163,27,5.25,5.5,3.0
07844,$290K,91.3%,$191,—,$63K,—,—,1,nan,nan,nan
07845,7.0,nan,nan
07846,$60K,100.0%,—,—,$60K,—,—,1,nan,nan,nan
07847,$377K,99.4%,$223,—,$337K,—,$233,2,5.0,nan,nan
07848,$390K,98.9%,$150,—,$237K,—,$120,8,5.0,6.0,6.0
07849,$380K,99.5%,$182,1,$327K,0.0%,$233,15,6.0,nan,nan
07850,$329K,95.5%,$184,1,$276K,3.5%,$178,10,5.5,5.666666666666667,6.0
07851,$450K,67.8%,$276,—,$135K,—,$182,1,6.0,nan,nan
07852,$304K,99.2%,$180,—,$400K,—,$191,12,5.0,nan,nan
07853,$511K,96.8%,$166,1,$495K,—,$167,31,7.4,7.666666666666667,7.5
07855,7.0,nan,nan
07856,$335K,97.3%,$207,—,$300K,—,$212,12,6.0,6.0,nan
07857,$253K,98.2%,$142,—,$235K,—,$224,5,6.0,6.0,nan
07860,$295K,97.0%,$144,—,$245K,1.9%,$141,45,7.0,5.4,5.0
07863,$200K,95.5%,$123,—,$175K,—,$125,11,5.666666666666667,5.5,6.0
07865,$325K,84.1%,$162,—,$119K,—,$56,2,6.0,nan,nan
07866,$354K,98.3%,$211,1,$365K,—,$224,40,7.0,5.6,6.0
07869,$522K,97.9%,$200,1,$525K,9.5%,$211,41,7.4,6.0,5.5
07870,nan,nan,nan
07871,$420K,95.7%,$166,—,$330K,—,$156,40,6.6,5.75,6.666666666666667
07874,$262K,98.4%,$156,—,$230K,—,$152,13,5.6,5.4,4.5
07875,$475K,97.9%,$227,—,$235K,—,—,1,7.0,nan,nan
07876,$388K,98.9%,$197,1,$360K,—,$195,15,5.25,6.0,4.0
07877,nan,nan,nan
07878,$425K,105.0%,$220,—,$420K,—,$188,1,8.0,nan,nan
07879,$1.82M,—,$276,—,—,—,—,—,nan,nan,nan
07880,$200K,96.5%,$38,—,$193K,—,$35,1,nan,nan,nan
07881,6.333333333333333,5.333333333333333,5.0
07882,$249K,96.5%,$128,—,$178K,—,$97,18,5.0,4.0,5.5
07885,$305K,97.1%,$215,—,$324K,—,$222,16,6.6,5.25,5.0
07890,nan,nan,nan
07901,$995K,97.4%,$413,1,$855K,20.0%,$387,29,8.6,6.0,8.0
07902,$1.35M,98.2%,—,—,$1.32M,—,—,1,nan,nan,nan
07920,$699K,96.6%,$280,3,$590K,0.0033%,$256,54,8.0,7.5,8.5
07921,$480K,98.8%,$294,3,$310K,—,$298,19,7.0,8.0,nan
07922,$617K,97.0%,$270,1,$577K,19.8%,$251,17,7.4,7.0,8.0
07924,$985K,95.5%,$285,1,$636K,0.83%,$269,12,6.5,6.0,8.0
07926,$526K,100.0%,$234,—,$300K,—,—,1,nan,nan,nan
07927,$500K,100.9%,$262,—,$555K,—,$250,1,8.0,nan,nan
07928,$947K,96.9%,$393,1,$955K,34.7%,$425,31,8.0,8.0,8.333333333333334
07930,$725K,97.7%,$218,—,$625K,—,$209,21,7.5,8.0,9.0
07931,$1.14M,98.8%,$276,—,$660K,—,$282,1,8.0,8.0,nan
07932,$770K,99.1%,$303,1,$610K,20.1%,$285,9,7.25,7.666666666666667,7.0
07933,$494K,96.9%,$282,1,$450K,—,$232,7,7.0,nan,nan
07934,$825K,97.5%,$266,—,$680K,—,$260,2,nan,nan,nan
07935,$1.39M,63.9%,$339,—,$383K,—,$108,1,nan,nan,nan
07936,$629K,96.3%,$235,1,$508K,20.0%,$276,12,8.0,5.0,5.0
07938,nan,nan,nan
07939,nan,nan,nan
07940,$787K,98.0%,$375,1,$596K,30.0%,$365,17,7.333333333333333,8.0,7.0
07945,$739K,96.1%,$243,—,$751K,—,$246,24,8.333333333333334,8.0,8.0
07946,$639K,97.5%,$246,—,$662K,—,$197,4,7.5,9.0,nan
07950,$519K,97.8%,$247,1,$455K,20.0%,$246,34,7.8,6.0,7.0
07950,$519K,97.8%,$247,1,$455K,20.0%,$246,34,7.8,6.0,7.0
07960,$650K,97.6%,$271,1,$500K,10.0%,$270,60,8.2,7.6,6.5
07961,6.0,nan,5.0
07962,6.333333333333333,7.0,5.0
07963,nan,nan,nan
07970,nan,nan,nan
07974,$612K,97.3%,$300,1,$556K,13.1%,$295,20,8.0,8.0,7.5
07976,$1.87M,95.9%,$310,1,$863K,20.0%,$310,1,nan,nan,nan
07977,$797K,94.3%,$355,—,$825K,—,$341,1,nan,nan,nan
07978,7.666666666666667,7.666666666666667,7.666666666666667
07979,$520K,95.3%,$203,—,$625K,—,$256,1,nan,nan,nan
07980,$607K,96.4%,$264,—,$548K,—,$216,8,nan,nan,nan
07981,$580K,96.4%,$267,—,$451K,10.0%,$272,16,6.666666666666667,6.666666666666667,6.666666666666667
07983,6.0,6.0,6.0
07999,nan,nan,nan
08001,$202K,96.7%,$116,—,$235K,—,$145,2,5.0,5.0,5.0
08002,$250K,98.5%,$137,1,$248K,1.0%,$142,44,5.4,5.4,5.4
08003,$330K,97.7%,$138,1,$292K,64.9%,$133,66,7.4,7.4,7.4
08004,$180K,100.7%,$102,—,$151K,—,$103,31,3.0,3.0,3.0
08005,$325K,98.2%,$143,1,$250K,3.5%,$137,68,5.6,4.5,5.75
08006,$849K,100.0%,$528,—,$563K,—,$449,5,nan,nan,nan
08007,$205K,99.8%,$124,1,$200K,23.3%,$146,12,8.0,8.0,8.0
08008,$998K,95.5%,$546,1,$829K,—,$510,81,5.8,5.8,5.8
08009,$235K,97.1%,$121,1,$225K,—,$124,31,3.6,3.6,3.6
08010,$154K,95.7%,$114,1,$172K,3.6%,$107,23,4.333333333333333,4.333333333333333,4.333333333333333
08011,nan,nan,nan
08012,$190K,98.4%,$115,1,$185K,7.4%,$113,75,5.8,5.8,5.8
08014,$112K,71.1%,$61,—,$32K,—,$18,1,nan,nan,nan
08015,$170K,97.0%,$112,—,$157K,—,$118,42,4.0,4.0,4.0
08016,$220K,96.3%,$121,1,$205K,4.0%,$118,72,5.0,5.0,5.0
08018,$100K,99.1%,$58,—,$99K,—,$57,1,3.5,3.5,3.5
08019,$305K,100.0%,$143,—,$350K,—,$166,1,4.0,4.0,4.0
08020,$260K,88.9%,$132,—,$252K,—,$111,5,7.0,7.0,nan
08021,$140K,98.5%,$93,1,$150K,3.5%,$97,89,5.2,4.8,2.75
08022,$315K,98.0%,$156,1,$370K,—,$149,27,6.333333333333333,6.0,5.0
08023,$59.9K,93.9%,$65,—,$122K,—,$104,1,nan,nan,nan
08025,$120K,—,—,—,—,—,—,—,nan,nan,nan
08026,$265K,93.7%,$141,—,$221K,—,$116,5,3.0,5.0,2.0
08027,$192K,94.5%,$112,3,$165K,3.5%,$112,13,4.0,3.5,1.0
08028,$197K,96.9%,$116,1,$197K,2.2%,$109,30,4.4,3.75,3.0
08029,$190K,98.7%,$106,—,$148K,3.1%,$103,20,3.6666666666666665,nan,3.0
08030,$104K,93.9%,$78,1,$81.5K,3.9%,$62,29,3.5,3.3333333333333335,4.0
08031,$164K,97.9%,$111,1,$160K,—,$124,25,5.25,nan,nan
08032,$178K,101.0%,$96,—,$222K,—,$122,1,nan,nan,nan
08033,$595K,96.7%,$213,1,$455K,18.8%,$221,44,7.2,5.333333333333333,6.666666666666667
08034,$250K,97.9%,$140,1,$250K,20.0%,$137,54,6.0,6.0,7.5
08035,$305K,97.5%,$167,1,$261K,20.0%,$163,16,6.25,3.6666666666666665,4.0
08036,$322K,95.8%,$160,1,$287K,7.0%,$162,8,5.0,5.0,nan
08037,$218K,97.8%,$124,1,$199K,—,$109,50,4.0,4.0,5.0
08038,$89.9K,98.6%,$69,—,$183K,—,$126,1,nan,nan,nan
08039,$625K,95.9%,$263,—,$325K,—,$77,1,6.0,nan,nan
08041,$329K,105.1%,$145,—,$210K,—,$151,1,6.0,nan,nan
08042,$640K,94.9%,$118,—,$300K,—,$148,1,nan,nan,nan
08043,$345K,96.6%,$131,1,$265K,47.8%,$123,59,6.6,4.75,4.5
08045,$140K,97.9%,$87,—,$151K,—,$57,7,4.5,4.5,nan
08046,$174K,97.6%,$101,1,$178K,3.5%,$98,70,3.8,3.5,2.0
08048,$245K,97.1%,$145,1,$250K,5.0%,$124,26,4.666666666666667,4.5,nan
08049,$177K,93.7%,$119,1,$170K,—,$115,13,4.0,4.0,nan
08050,$345K,97.7%,$166,1,$313K,3.0%,$164,66,5.6,4.5,7.0
08051,$160K,98.2%,$117,1,$147K,3.0%,$120,13,5.0,nan,nan
08052,$166K,95.7%,$114,1,$182K,—,$138,33,4.333333333333333,3.5,4.5
08053,$315K,98.5%,$144,1,$256K,25.0%,$141,98,6.8,5.6,6.0
08054,$280K,97.8%,$146,1,$256K,3.5%,$141,118,6.4,5.5,7.5
08055,$399K,98.0%,$151,1,$355K,3.4%,$144,67,7.4,7.4,5.333333333333333
08056,$385K,98.8%,$132,1,$399K,18.7%,$128,9,7.0,7.0,7.0
08057,$625K,97.1%,$199,1,$435K,3.0%,$164,37,5.2,5.2,6.666666666666667
08059,$157K,96.7%,$123,1,$158K,10.0%,$109,17,4.0,4.0,4.0
08060,$210K,98.1%,$125,1,$217K,20.0%,$124,40,4.4,4.4,4.4
08061,$234K,98.7%,$114,1,$201K,4.5%,$110,8,nan,nan,nan
08062,$419K,98.9%,$137,1,$330K,20.0%,$133,24,5.2,5.2,5.2
08063,$145K,87.3%,$109,1,$75K,3.5%,$33,3,2.0,2.0,2.0
08064,$155K,100.0%,$97,—,$155K,—,$97,1,nan,nan,nan
08065,$170K,94.9%,$126,—,$151K,—,$118,25,5.5,5.5,5.5
08066,$100K,96.8%,$75,—,$125K,—,$102,7,3.0,3.0,3.0
08067,$322K,96.2%,$148,1,$93.39K,—,$94,2,4.0,4.0,4.0
08068,$183K,94.7%,$104,4,$188K,2.7%,$127,8,3.0,3.0,3.0
08069,$119K,95.7%,$83,1,$130K,3.0%,$74,5,3.6666666666666665,3.6666666666666665,3.6666666666666665
08070,$135K,97.4%,$91,1,$123K,—,$79,24,4.4,4.4,4.4
08071,$175K,96.0%,$110,—,$166K,—,$127,20,4.333333333333333,4.333333333333333,4.333333333333333
08072,$72.5K,103.0%,$68,—,$20.5K,—,$98,1,nan,nan,nan
08073,$295K,55.2%,$122,—,$180K,—,$66,1,nan,nan,nan
08074,nan,nan,nan
08075,$220K,97.3%,$127,1,$215K,—,$126,49,4.6,4.6,4.6
08076,5.666666666666667,5.666666666666667,5.0
08077,$277K,97.9%,$143,1,$306K,—,$138,38,5.666666666666667,5.666666666666667,5.666666666666667
08078,$160K,97.2%,$103,1,$165K,—,$110,11,4.333333333333333,4.333333333333333,4.333333333333333
08079,$79.9K,91.1%,$81,—,$32.5K,—,$17,9,6.0,6.0,6.0
08080,$257K,96.9%,$121,1,$224K,20.0%,$120,62,6.0,6.0,6.0
08081,$200K,98.2%,$106,1,$195K,13.4%,$105,128,5.2,5.2,5.2
08083,$186K,95.2%,$111,—,$170K,3.5%,$116,22,5.2,5.2,5.2
08084,$179K,98.0%,$118,1,$207K,3.0%,$118,15,5.333333333333333,5.333333333333333,5.333333333333333
08085,$277K,97.7%,$127,1,$283K,2.9%,$125,40,6.4,6.4,6.4
08086,$214K,98.7%,$113,—,$175K,—,$112,17,2.75,2.75,2.75
08087,$230K,95.0%,$140,1,$205K,—,$129,69,6.2,6.2,6.2
08088,$317K,97.9%,$145,1,$270K,20.0%,$144,61,5.8,5.8,5.8
08089,$190K,97.1%,$110,—,$170K,—,$103,12,4.0,4.0,4.0
08090,$220K,96.9%,$120,1,$189K,—,$109,13,5.333333333333333,5.333333333333333,5.333333333333333
08091,$175K,99.9%,$137,1,$195K,—,$150,23,4.333333333333333,4.333333333333333,4.333333333333333
08092,$368K,95.1%,$153,—,$263K,—,$140,6,6.0,6.0,6.0
08093,$140K,97.4%,$100,1,$162K,—,$99,15,4.2,4.2,4.2
08094,$198K,99.9%,$111,1,$205K,3.5%,$107,65,4.8,4.8,4.8
08095,$135K,100.0%,$16,—,$29.9K,—,$16,1,nan,nan,nan
08096,$175K,96.9%,$110,1,$176K,9.7%,$109,64,5.0,5.0,5.0
08096,$175K,96.9%,$110,1,$176K,9.7%,$109,64,5.0,5.0,5.0
08097,$194K,97.9%,$103,1,$200K,3.5%,$100,5,4.666666666666667,4.666666666666667,4.666666666666667
08098,$225K,97.1%,$122,1,$233K,1.1%,$106,6,5.333333333333333,5.333333333333333,5.333333333333333
08099,nan,nan,nan
08101,$69.45K,104.7%,$52,—,$92K,—,$65,1,nan,nan,nan
08102,$90K,91.8%,$49,—,$40K,—,$34,3,nan,nan,nan
08103,$62K,94.3%,$47,—,$96K,—,$68,7,2.0,2.0,2.0
08104,$55K,92.0%,$48,—,$34.5K,—,$28,10,2.2,2.2,2.2
08104,$55K,92.0%,$48,—,$34.5K,—,$28,10,2.2,2.2,2.2
08105,$79.9K,96.0%,$73,—,$85K,—,$64,12,2.8,2.8,2.8
08106,$200K,96.8%,$137,—,$176K,20.0%,$119,18,5.0,5.0,5.0
08107,$190K,97.3%,$122,1,$175K,0.0%,$114,36,6.0,6.0,6.0
08107,$190K,97.3%,$122,1,$175K,0.0%,$114,36,6.0,6.0,6.0
08108,$255K,97.5%,$171,1,$270K,6.9%,$179,39,6.0,6.0,6.0
08108,$255K,97.5%,$171,1,$270K,6.9%,$179,39,6.0,6.0,6.0
08109,$184K,97.5%,$111,1,$175K,9.5%,$110,51,4.8,4.8,4.8
08110,$155K,98.0%,$98,—,$153K,3.5%,$104,36,4.8,3.2,2.6666666666666665
08201,$190K,97.9%,$120,—,$185K,—,$133,19,3.25,3.25,3.25
08202,$2.3M,95.4%,$768,—,$1.45M,—,$796,41,6.0,6.0,6.0
08203,$350K,96.1%,$245,1,$315K,20.0%,$238,64,2.6,2.6,2.6
08204,$450K,96.0%,$307,1,$288K,20.0%,$227,54,5.5,5.5,5.5
08205,$208K,96.8%,$112,—,$179K,—,$107,54,5.2,5.2,5.2
08210,$284K,96.1%,$161,1,$260K,15.3%,$163,25,5.4,5.4,5.4
08212,$1.12M,96.9%,$542,—,$1.01M,—,$750,4,nan,nan,nan
08213,nan,nan,nan
08214,$215K,100.0%,$150,—,$215K,—,$150,1,6.0,6.0,6.0
08215,$168K,99.0%,$98,—,$146K,—,$95,19,5.2,5.2,5.2
08217,nan,nan,nan
08218,$219K,—,—,—,—,—,—,—,nan,nan,nan
08219,$250K,—,$160,—,—,—,—,—,nan,nan,nan
08220,nan,nan,nan
08221,$325K,96.2%,$152,1,$236K,4.8%,$143,18,5.0,5.0,5.0
08223,$325K,95.7%,$158,—,$265K,—,$168,9,8.0,8.0,8.0
08224,$315K,97.1%,$131,—,$359K,—,$149,1,4.0,4.0,4.0
08225,$220K,97.8%,$135,—,$165K,—,$110,14,3.5,3.5,3.5
08226,$640K,96.3%,$458,1,$592K,9.1%,$422,98,6.0,6.0,6.0
08230,$340K,96.8%,$154,—,$357K,—,$156,6,nan,nan,nan
08231,nan,nan,nan
08232,$110K,93.0%,$84,—,$100K,—,$97,23,3.0,2.0,2.0
08234,$240K,98.0%,$116,—,$215K,20.0%,$117,68,4.8,5.2,4.2
08240,$172K,94.2%,$121,—,$162K,—,$114,1,5.0,nan,nan
08241,$240K,97.5%,$119,—,$295K,—,$133,3,7.0,7.0,nan
08242,$200K,97.9%,$138,—,$180K,—,$158,3,nan,nan,nan
08243,$812K,97.4%,$488,1,$685K,38.0%,$425,23,nan,nan,nan
08244,$210K,98.6%,$144,—,$188K,—,$111,18,5.0,4.0,nan
08245,$439K,—,$213,—,—,—,—,—,nan,nan,nan
08246,—,—,$117,—,—,—,—,—,nan,nan,nan
08247,$1.9M,94.4%,$1.03K,—,$2.35M,—,$910,12,5.0,nan,nan
08248,$837K,96.3%,$451,—,$818K,—,$348,2,nan,nan,nan
08250,$81K,100.0%,$62,—,$81K,—,$62,1,nan,nan,nan
08251,$229K,97.4%,$197,—,$170K,—,$189,26,nan,nan,nan
08252,nan,nan,nan
08260,$339K,95.7%,$272,1,$307K,—,$242,104,3.3333333333333335,4.0,2.0
08270,$250K,96.9%,$143,—,$185K,—,$127,7,5.25,5.0,nan
08302,$140K,98.0%,$92,1,$117K,3.3%,$63,32,4.8,5.2,3.3333333333333335
08310,$135K,121.5%,$90,—,$223K,—,$102,2,3.0,4.0,3.0
08311,$133K,57.1%,$88,—,$40K,—,$32,1,4.0,4.0,nan
08312,$160K,95.3%,$104,1,$118K,—,$77,12,4.0,3.0,3.0
08313,nan,nan,nan
08314,$130K,78.9%,$97,—,$142K,—,$177,1,nan,nan,nan
08315,$80K,87.5%,$105,—,$35K,—,$36,1,nan,nan,nan
08316,$136K,99.5%,$105,—,$385K,—,$117,1,nan,nan,nan
08317,$210K,111.0%,$136,—,$194K,—,$123,1,5.0,5.0,nan
08318,$212K,96.2%,$114,1,$212K,—,$105,17,3.4,4.2,4.333333333333333
08319,$169K,97.5%,$128,—,$254K,—,$161,2,5.5,5.5,nan
08320,$182K,98.2%,$101,—,$107K,—,$73,1,nan,nan,nan
08321,$115K,70.1%,$151,—,$35K,—,$113,1,nan,nan,nan
08322,$206K,106.9%,$108,1,$125K,—,$121,11,4.5,4.5,4.0
08323,$155K,98.5%,$94,—,$10.4K,—,$7,1,nan,nan,nan
08324,$74.95K,71.4%,$44,—,$25K,—,$67,1,nan,nan,nan
08326,$165K,103.1%,$129,—,$169K,—,$125,1,nan,nan,nan
08327,$115K,104.5%,$76,—,$209K,—,$125,1,nan,nan,nan
08328,$148K,96.7%,$102,—,$154K,—,$109,5,nan,nan,nan
08329,$128K,51.3%,$43,—,$41K,—,$22,1,nan,nan,nan
08330,$175K,98.9%,$109,—,$165K,20.3%,$100,49,4.8,5.2,4.5
08332,$125K,95.7%,$81,1,$148K,—,$93,42,4.6,3.6,3.0
08340,$295K,93.9%,$146,—,$228K,—,$115,2,nan,nan,nan
08341,$134K,104.6%,$113,—,$176K,—,$140,2,2.0,nan,nan
08342,$79K,89.3%,$79,—,$125K,—,$106,1,nan,nan,nan
08343,$242K,95.3%,$117,1,$259K,—,$116,5,4.666666666666667,5.0,nan
08344,$165K,95.1%,$110,—,$190K,—,$129,9,3.6666666666666665,5.0,4.0
08345,$130K,93.2%,$141,—,$40K,—,$23,1,4.0,4.0,nan
08346,$145K,93.2%,$86,—,$74.25K,—,$61,2,nan,nan,nan
08347,$100K,—,—,—,—,—,—,—,nan,nan,nan
08348,$45K,62.7%,$36,—,$25K,—,$23,1,5.0,5.0,nan
08349,$52.45K,115.0%,$39,—,$11.5K,—,$9,1,3.0,3.0,nan
08350,$205K,92.1%,$95,—,$194K,—,$111,2,nan,nan,nan
08352,$179K,100.0%,$136,—,$150K,—,$136,1,nan,nan,nan
08353,$105K,94.3%,$51,—,$110K,—,$65,2,nan,nan,nan
08360,$155K,96.1%,$103,—,$125K,—,$95,48,4.4,3.0,3.0
08361,$200K,98.3%,$108,1,$210K,—,$105,25,4.2,3.0,3.5
08362,nan,nan,nan
08401,$124K,92.3%,$113,1,$117K,—,$105,53,4.8,6.0,3.0
08402,$580K,93.8%,$352,1,$549K,—,$317,53,6.5,7.5,nan
08403,$1.29M,93.2%,$508,—,$1.05M,—,$318,9,nan,nan,nan
08404,nan,nan,nan
08405,2.6,2.6,nan
08406,$325K,94.8%,$212,1,$268K,—,$179,33,6.0,6.666666666666667,nan
08501,$489K,98.4%,$184,2,$385K,—,$182,7,7.0,6.0,6.5
08502,$727K,97.9%,$219,1,$658K,15.3%,$209,18,8.0,8.0,8.0
08504,8.0,8.0,8.0
08505,$290K,98.1%,$150,1,$245K,3.0%,$156,33,5.8,5.8,5.8
08510,$620K,97.4%,$180,2,$650K,20.0%,$199,5,6.666666666666667,6.666666666666667,6.666666666666667
08511,$340K,102.6%,$181,1,$332K,—,$152,2,nan,nan,nan
08512,$625K,97.3%,$221,1,$387K,11.5%,$208,4,8.0,8.0,8.0
08514,$507K,94.9%,$172,1,$614K,—,$176,8,nan,nan,nan
08515,$429K,95.4%,$155,2,$355K,—,$152,11,7.0,7.0,7.0
08518,$195K,97.1%,$117,1,$185K,24.1%,$130,13,3.0,3.0,3.0
08520,$285K,97.1%,$164,1,$260K,39.7%,$154,36,5.4,5.4,5.4
08525,$400K,97.6%,$205,1,$415K,20.0%,$176,7,6.0,6.0,6.0
08526,$180K,92.5%,$234,—,$310K,—,$162,1,nan,nan,nan
08527,$399K,98.0%,$174,1,$365K,26.5%,$173,136,6.6,6.6,6.6
08528,$229K,93.7%,$131,1,$299K,19.0%,$198,1,nan,nan,nan
08530,$464K,96.5%,$227,1,$502K,5.0%,$201,9,10.0,10.0,9.0
08533,$380K,97.5%,$164,1,$350K,10.0%,$156,17,6.0,6.0,5.0
08534,$475K,97.8%,$202,2,$349K,18.8%,$188,13,7.666666666666667,6.0,8.0
08535,$779K,96.7%,$185,1,$575K,—,$180,9,5.8,5.8,5.8
08536,$400K,98.0%,$226,1,$420K,51.2%,$223,23,7.0,7.0,7.0
08540,$675K,97.7%,$280,1,$619K,20.0%,$246,61,8.2,8.2,8.2
08541,7.75,7.75,7.75
08542,$955K,94.7%,$542,1,$573K,30.5%,$513,2,6.0,6.0,6.0
08543,nan,nan,nan
08544,nan,nan,nan
08550,$634K,98.8%,$240,1,$670K,19.8%,$225,17,5.5,5.5,5.5
08551,$610K,95.8%,$167,1,$313K,—,$183,2,7.5,7.5,7.5
08553,$662K,94.4%,$225,—,$425K,—,$156,1,nan,nan,nan
08554,$165K,97.3%,$111,—,$142K,—,$112,7,3.0,3.0,3.0
08555,$309K,95.7%,$144,1,$222K,—,$160,1,7.0,nan,nan
08556,$400K,98.8%,$188,—,$395K,—,$186,1,nan,nan,nan
08557,7.0,7.0,nan
08558,$759K,99.3%,$235,1,$500K,43.2%,$204,12,8.0,8.0,8.0
08559,$559K,95.8%,$214,1,$494K,—,$193,7,7.0,7.0,7.0
08560,$540K,99.3%,$197,1,$296K,—,$206,4,5.0,5.0,5.0
08561,$245K,100.0%,$138,1,$310K,19.3%,$166,1,nan,nan,nan
08562,$304K,95.4%,$152,—,$224K,—,$133,5,5.666666666666667,4.0,nan
08601,3.2,2.0,2.3333333333333335
08602,8.0,nan,nan
08603,3.2,2.5,2.25
08604,3.2,2.0,2.3333333333333335
08605,3.2,2.0,2.25
